http://www.mglerner.com/blog/?page_id=2,http://www.mglerner.com/blog/pages/about.html
http://www.mglerner.com/blog/?p=8,http://www.mglerner.com/blog/posts/a-simple-python-logging-example.html
http://www.mglerner.com/blog/?p=5,http://www.mglerner.com/blog/posts/the-blogging-begins.html
http://www.mglerner.com/blog/?p=14,http://www.mglerner.com/blog/posts/14.html
http://www.mglerner.com/blog/?p=13,http://www.mglerner.com/blog/posts/getting-a-sensible-python-install-on-my-mac.html
http://www.mglerner.com/blog/?p=16,http://www.mglerner.com/blog/posts/march-madness-monte-carlo-style.html
http://www.mglerner.com/blog/?p=33,http://www.mglerner.com/blog/posts/making-ipython-notebooks-for-the-matplotlib-examples.html
http://www.mglerner.com/blog/?p=20,http://www.mglerner.com/blog/posts/drum-head-normal-modes-with-movies.html
http://www.mglerner.com/blog/?p=28,http://www.mglerner.com/blog/posts/histograms-and-kernel-density-estimation-kde-2.html
http://www.mglerner.com/blog/?p=43,http://www.mglerner.com/blog/posts/speeding-up-calculations-with-lookup-tables-and-lagrangian-interpolation.html
http://www.mglerner.com/blog/?p=45,http://www.mglerner.com/blog/posts/evolution-of-a-learning-goal.html
http://www.mglerner.com/blog/?p=49,http://www.mglerner.com/blog/posts/more-march-madness-monte-carlo-style.html
http://www.mglerner.com/blog/?p=52,http://www.mglerner.com/blog/posts/using-numba-to-speed-up-mean-squared-displacement-calculations.html
http://www.mglerner.com/blog/?p=54,http://www.mglerner.com/blog/posts/can-i-be-smarter-about-late-policies.html
http://www.mglerner.com/blog/tag/draft,/categories/draft.html
